protId, model_name, template, coverage, TM-score, RMSD
MG_002_MONOMER,MG_002_MONOMER_IntFOLD5_wMUSTER_multi2_TS1.pdb,4j80,0.7741935,0.679,2.75
MG_009_MONOMER,MG_009_MONOMER_IntFOLD5_sp3_multi5_TS1.pdb,1j6o,0.96564883,0.943,1.03
MG_009_MONOMER,MG_009_MONOMER_IntFOLD5_sp3_multi5_TS1.pdb,1zzm,0.97328246,0.942,1.18
MG_010_MONOMER,MG_010_MONOMER_IntFOLD5_Env-PPAS_multi3_TS1.pdb,1eqn,0.96330273,0.871,1.96
MG_010_MONOMER,MG_010_MONOMER_IntFOLD5_Env-PPAS_multi3_TS1.pdb,5w33,0.9954128,0.902,1.98
MG_010_MONOMER,MG_010_MONOMER_IntFOLD5_Env-PPAS_multi3_TS1.pdb,5vaz,0.9908257,0.899,2.09
MG_010_MONOMER,MG_010_MONOMER_IntFOLD5_Env-PPAS_multi3_TS1.pdb,5guj,0.9908257,0.941,1.3
MG_010_MONOMER,MG_010_MONOMER_IntFOLD5_Env-PPAS_multi3_TS1.pdb,5guj,0.9908257,0.941,1.3
MG_011_MONOMER,MG_011_MONOMER_IntFOLD5_wdPPAS_multi7_TS1.pdb,3vpb,0.9198606,0.913,0.55
MG_012_MONOMER,MG_012_MONOMER_IntFOLD5_HHpred_TS2.pdb,4iwx,0.9198606,0.86,1.79
MG_012_MONOMER,MG_012_MONOMER_IntFOLD5_HHpred_TS2.pdb,5i47,0.8606272,0.78,2.3
MG_012_MONOMER,MG_012_MONOMER_IntFOLD5_HHpred_TS2.pdb,3vpb,0.9198606,0.89,1.2
MG_012_MONOMER,MG_012_MONOMER_IntFOLD5_HHpred_TS2.pdb,3vpd,0.9094077,0.883,1.13
MG_012_MONOMER,MG_012_MONOMER_IntFOLD5_HHpred_TS2.pdb,5k2m,0.8919861,0.863,1.17
MG_020_MONOMER,MG_020_MONOMER_IntFOLD5_IntFOLDTS60_multi4_TS1.pdb,1azw,0.99025977,0.988,0.3
MG_020_MONOMER,MG_020_MONOMER_IntFOLD5_IntFOLDTS60_multi4_TS1.pdb,1azw,0.99025977,0.988,0.3
MG_024_MONOMER,MG_024_MONOMER_IntFOLD5_HHpred_TS1.pdb,2dby,0.94550407,0.89,1.93
MG_024_MONOMER,MG_024_MONOMER_IntFOLD5_HHpred_TS1.pdb,5ee0,0.96185285,0.923,1.67
MG_024_MONOMER,MG_024_MONOMER_IntFOLD5_HHpred_TS1.pdb,1jal,0.9427793,0.878,2.13
MG_024_MONOMER,MG_024_MONOMER_IntFOLD5_HHpred_TS1.pdb,2ohf,0.866485 (,0.841,1.24
MG_024_MONOMER,MG_024_MONOMER_IntFOLD5_HHpred_TS1.pdb,1ni3,0.9536785,0.914,1.66
MG_025_MONOMER,MG_025_MONOMER_IntFOLD5_IntFOLDTS140_multi4_TS1.pdb,5hea,0.87583894,0.78,2.9
MG_025_MONOMER,MG_025_MONOMER_IntFOLD5_IntFOLDTS140_multi4_TS1.pdb,6h1j,0.9496644,0.781,3.39
MG_027_MONOMER,MG_027_MONOMER_IntFOLD5_HHpred_TS2.pdb,1q8c,0.8344371,0.803,1.11
MG_027_MONOMER,MG_027_MONOMER_IntFOLD5_HHpred_TS2.pdb,1eyv,0.81456953,0.695,2.31
MG_027_MONOMER,MG_027_MONOMER_IntFOLD5_HHpred_TS2.pdb,3d3b,0.8410596,0.723,2.17
MG_027_MONOMER,MG_027_MONOMER_IntFOLD5_HHpred_TS2.pdb,1tzv,0.8344371,0.708,2.32
MG_028_MONOMER,MG_028_MONOMER_IntFOLD5_IT5_TS1.pdb,free-modeling,-,-,-
MG_032_MONOMER,MG_032_MONOMER_IntFOLD5_wMUSTER_multi8_TS1.pdb,3dwb,0.8663664,0.787,3.14
MG_050_MONOMER,MG_050_MONOMER_IntFOLD5_wPPAS_multi3_TS1.pdb,3ngj,0.96860987,0.957,0.61
MG_050_MONOMER,MG_050_MONOMER_IntFOLD5_wPPAS_multi3_TS1.pdb,1j2w,0.94618833,0.928,0.8
MG_050_MONOMER,MG_050_MONOMER_IntFOLD5_wPPAS_multi3_TS1.pdb,4xbk,0.9551569,0.946,0.54
MG_050_MONOMER,MG_050_MONOMER_IntFOLD5_wPPAS_multi3_TS1.pdb,1o0y,0.9865471,0.976,0.6
MG_054_MONOMER,MG_054_MONOMER_IntFOLD5_IT5_TS1.pdb,free-modeling,-,-,-
MG_056_MONOMER,MG_056_MONOMER_IntFOLD5_IT5_TS1.pdb,free-modeling,-,-,-
MG_057_MONOMER,MG_057_MONOMER_IntFOLD5_IT5_TS3.pdb,free-modeling,-,-,-
MG_059_MONOMER,MG_059_MONOMER_IntFOLD5_HHsearch_multi3_TS1.pdb,1p6v,0.8344827,0.784,1.34
MG_059_MONOMER,MG_059_MONOMER_IntFOLD5_HHsearch_multi3_TS1.pdb,1wjx,0.76551723,0.689,1.72
MG_059_MONOMER,MG_059_MONOMER_IntFOLD5_HHsearch_multi3_TS1.pdb,5zey,1.0 (Targe,0.929,1.3
MG_059_MONOMER,MG_059_MONOMER_IntFOLD5_HHsearch_multi3_TS1.pdb,5xjd,0.57931036,0.306,5.25
MG_060_MONOMER,MG_060_MONOMER_IntFOLD5_IT5_TS3.pdb,free-modeling,-,-,-
MG_061_MONOMER,MG_061_MONOMER_IntFOLD5_Env-PPAS_multi3_TS1,5c65,0.7160494,0.624,3.69
MG_061_MONOMER,MG_061_MONOMER_IntFOLD5_Env-PPAS_multi3_TS1,4j05,0.7107584,0.643,2.98
MG_061_MONOMER,MG_061_MONOMER_IntFOLD5_Env-PPAS_multi3_TS1,1pw4,0.71428573,0.6,4.13
MG_067_MONOMER,MG_067_MONOMER_IntFOLD5_wPPAS_multi7_TS1,1qtf,0.45930234,0.442,1.71
MG_068_MONOMER,MG_068_MONOMER_IntFOLD5_Env-PPAS_multi1_TS1,4jcn,0.44725737,0.418,2.2
MG_068_MONOMER,MG_068_MONOMER_IntFOLD5_Env-PPAS_multi1_TS1,5c2z,0.5232068,0.472,2.87
MG_071_MONOMER,MG_071_MONOMER_IntFOLD5_SPARKSX_multi3_TS1.pdb,3ar7,0.9485126,0.849,3.87
MG_071_MONOMER,MG_071_MONOMER_IntFOLD5_SPARKSX_multi3_TS1.pdb,2zxe,0.96910757,0.936,2.05
MG_071_MONOMER,MG_071_MONOMER_IntFOLD5_SPARKSX_multi3_TS1.pdb,3kdp,0.96910757,0.935,2.09
MG_071_MONOMER,MG_071_MONOMER_IntFOLD5_SPARKSX_multi3_TS1.pdb,6a69,0.8569794,0.661,6.19
MG_074_MONOMER,MG_074_MONOMER_IntFOLD5_IT5_TS2.pdb,free-modeling,-,-,-
MG_075_MONOMER,MG_075_MONOMER_IntFOLD5_wMUSTER_multi7_TS1,4c0o,0.8144531,0.734,3.86
MG_076_MONOMER,MG_076_MONOMER_IntFOLD5_IT5_TS3.pdb,free-modeling,-,-,-
MG_086_MONOMER,MG_086_MONOMER_IntFOLD5_IT5_TS1.pdb,free-modeling,-,-,-
MG_095_MONOMER,MG_095_MONOMER_IntFOLD5_wdPPAS_multi3_TS1.pdb,5k47,0.70100504,0.59,4.08
MG_096_MONOMER,MG_096_MONOMER_IntFOLD5_wdPPAS_multi8_TS1.pdb,5owv,0.63076925,0.526,4.62
MG_097_MONOMER,MG_097_MONOMER_IntFOLD5_Env-PPAS_multi4_TS1.pdb,3tr7,0.8612245,0.825,1.42
MG_097_MONOMER,MG_097_MONOMER_IntFOLD5_Env-PPAS_multi4_TS1.pdb,1okb,0.8897959,0.867,0.99
MG_097_MONOMER,MG_097_MONOMER_IntFOLD5_Env-PPAS_multi4_TS1.pdb,2boo,0.9142857,0.875,1.45
MG_097_MONOMER,MG_097_MONOMER_IntFOLD5_Env-PPAS_multi4_TS1.pdb,2c56,0.91020405,0.873,1.25
MG_097_MONOMER,MG_097_MONOMER_IntFOLD5_Env-PPAS_multi4_TS1.pdb,1lqj,0.89387757,0.867,1.18
MG_101_MONOMER,MG_101_MONOMER_IntFOLD5_SPARKSX_multi8_TS1.pdb,2wv0,0.9774775,0.924,1.39
MG_103_MONOMER,MG_103_MONOMER_IntFOLD5_LOMETS_multi3_TS1.pdb,3hyi,0.9464286,0.775,3.19
MG_103_MONOMER,MG_103_MONOMER_IntFOLD5_LOMETS_multi3_TS1.pdb,3hyi,0.9464286,0.775,3.19
MG_103_MONOMER,MG_103_MONOMER_IntFOLD5_LOMETS_multi3_TS1.pdb,3hyi,0.9464286,0.775,3.19
MG_108_MONOMER,MG_108_MONOMER_IntFOLD5_IntFOLDTS140_multi3_TS1.pdb,5f1m,0.95384616,0.949,0.44
MG_110_MONOMER,MG_110_MONOMER_IntFOLD5_HHpred_TS3.pdb,2yv5,0.9496403,0.906,1.55
MG_110_MONOMER,MG_110_MONOMER_IntFOLD5_HHpred_TS3.pdb,1t9h,0.92805755,0.884,1.49
MG_110_MONOMER,MG_110_MONOMER_IntFOLD5_HHpred_TS3.pdb,1u0l,0.9316547,0.908,1.03
MG_110_MONOMER,MG_110_MONOMER_IntFOLD5_HHpred_TS3.pdb,2rcn,0.9244604,0.878,1.6
MG_115_MONOMER,MG_115_MONOMER_IntFOLD5_IT5_TS1.pdb,free-modeling,-,-,-
MG_116_MONOMER,MG_116_MONOMER_IntFOLD5_IT5_TS1.pdb,free-modeling,-,-,-
MG_117_MONOMER,MG_117_MONOMER_IntFOLD5_IntFOLDTS140_multi1_TS1.pdb,4nt1,0.8224299,0.765,1.62
MG_122_MONOMER,MG_122_MONOMER_IntFOLD5_dPPAS2_multi4_TS1.pdb,1cy8,0.78702396,0.743,2.49
MG_122_MONOMER,MG_122_MONOMER_IntFOLD5_dPPAS2_multi4_TS1.pdb,5d5h,0.9040903,0.829,3.42
MG_122_MONOMER,MG_122_MONOMER_IntFOLD5_dPPAS2_multi4_TS1.pdb,2gai,0.81382227,0.763,2.59
MG_122_MONOMER,MG_122_MONOMER_IntFOLD5_dPPAS2_multi4_TS1.pdb,4rul,0.91819465,0.857,2.69
MG_122_MONOMER,MG_122_MONOMER_IntFOLD5_dPPAS2_multi4_TS1.pdb,5gvc,0.7827927,0.699,3.54
MG_129_MONOMER,MG_129_MONOMER_IntFOLD5_IT5_TS2.pdb,free-modeling,-,-,-
MG_130_MONOMER,MG_130_MONOMER_IntFOLD5_dPPAS_multi6_TS1,3hc1,0.3946281,0.379,1.68
MG_130_MONOMER,MG_130_MONOMER_IntFOLD5_dPPAS_multi6_TS1,5xg2,0.47933885,0.42,3.22
MG_133_MONOMER,MG_133_MONOMER_IntFOLD5_wMUSTER_multi7_TS1.pdb,4or2,0.8560606,0.833,1.09
MG_134_MONOMER,MG_134_MONOMER_IntFOLD5_IT5_TS1.pdb,free-modeling,-,-,-
MG_135_MONOMER,MG_135_MONOMER_IntFOLD5_IT5_TS1.pdb,free-modeling,-,-,-
MG_140_MONOMER,MG_140_MONOMER_IntFOLD5_HHpred_TS2,2wjy,0.5031447,0.435,5.25
MG_140_MONOMER,MG_140_MONOMER_IntFOLD5_HHpred_TS2,3r3p,0.08625337,0.084,1.48
MG_140_MONOMER,MG_140_MONOMER_IntFOLD5_HHpred_TS2,2xzl,0.49056605,0.427,5.12
MG_140_MONOMER,MG_140_MONOMER_IntFOLD5_HHpred_TS2,5udb,0.2030548,0.159,6.31
MG_140_MONOMER,MG_140_MONOMER_IntFOLD5_HHpred_TS2,2gk6,0.4779874,0.412,5.2
MG_140_MONOMER,MG_140_MONOMER_IntFOLD5_HHpred_TS2,3hrl,0.08086254,0.08,1.17
MG_140_MONOMER,MG_140_MONOMER_IntFOLD5_HHpred_TS2,1cw0,0.1114106,0.106,2.76
MG_141_MONOMER,MG_141_MONOMER_IntFOLD5_dPPAS2_multi7_TS1.pdb,4mtn,0.67043316,0.584,3.71
MG_141_MONOMER,MG_141_MONOMER_IntFOLD5_dPPAS2_multi7_TS1.pdb,5lm7,0.60828626,0.51,4.46
MG_141_MONOMER,MG_141_MONOMER_IntFOLD5_dPPAS2_multi7_TS1.pdb,1l2f,0.55932206,0.47,3.96
MG_141_MONOMER,MG_141_MONOMER_IntFOLD5_dPPAS2_multi7_TS1.pdb,2atw,0.41619587,0.394,2.1
MG_141_MONOMER,MG_141_MONOMER_IntFOLD5_dPPAS2_multi7_TS1.pdb,2kwp,0.22222222,0.2,2.93
MG_141_MONOMER,MG_141_MONOMER_IntFOLD5_dPPAS2_multi7_TS1.pdb,1l2f,0.55932206,0.47,3.96
MG_141_MONOMER,MG_141_MONOMER_IntFOLD5_dPPAS2_multi7_TS1.pdb,4mtn,0.67043316,0.584,3.71
MG_143_MONOMER,MG_143_MONOMER_IntFOLD5_IT5_TS1.pdb,free-modeling,-,-,-
MG_144_MONOMER,MG_144_MONOMER_IntFOLD5_IT5_TS3.pdb,free-modeling,-,-,-
MG_146_MONOMER,MG_146_MONOMER_IntFOLD5_HHpred_TS1,4hg0,0.5117925,0.491,1.61
MG_146_MONOMER,MG_146_MONOMER_IntFOLD5_HHpred_TS1,3oi8,0.3514151,0.329,2.04
MG_146_MONOMER,MG_146_MONOMER_IntFOLD5_HHpred_TS1,5tqq,0.6485849,0.453,5.76
MG_146_MONOMER,MG_146_MONOMER_IntFOLD5_HHpred_TS1,2r2z,0.18396227,0.183,0.41
MG_146_MONOMER,MG_146_MONOMER_IntFOLD5_HHpred_TS1,3oco,0.2971698,0.284,1.66
MG_146_MONOMER,MG_146_MONOMER_IntFOLD5_HHpred_TS1,3lv9,0.3018868,0.292,1.58
MG_146_MONOMER,MG_146_MONOMER_IntFOLD5_HHpred_TS1,3ocm,0.33726415,0.316,2.17
MG_146_MONOMER,MG_146_MONOMER_IntFOLD5_HHpred_TS1,3lhh,0.2735849,0.266,1.3
MG_147_MONOMER,MG_147_MONOMER_IntFOLD5_Env-PPAS_multi8_TS1.pdb,5kbw,0.45066667,0.38,3.25
MG_147_MONOMER,MG_147_MONOMER_IntFOLD5_Env-PPAS_multi8_TS1.pdb,3p5n,0.43733335,0.347,3.93
MG_147_MONOMER,MG_147_MONOMER_IntFOLD5_Env-PPAS_multi8_TS1.pdb,4z7f,0.424 (Tar,0.347,3.61
MG_147_MONOMER,MG_147_MONOMER_IntFOLD5_Env-PPAS_multi8_TS1.pdb,3rlb,0.448 (Tar,0.359,3.92
MG_147_MONOMER,MG_147_MONOMER_IntFOLD5_Env-PPAS_multi8_TS1.pdb,6an7,0.49066666,0.342,5.47
MG_148_MONOMER,MG_148_MONOMER_IntFOLD5_wMUSTER_multi8_TS1.pdb,6ek4,0.75061125,0.668,3.2
MG_149_MONOMER,MG_149_MONOMER_IntFOLD5_IT5_TS1.pdb,free-modeling,-,-,-
MG_172_MONOMER,MG_172_MONOMER_IntFOLD5_HHpred_TS1.pdb,3pka,0.99596775,0.973,0.97
MG_172_MONOMER,MG_172_MONOMER_IntFOLD5_HHpred_TS1.pdb,1o0x,0.99596775,0.983,0.67
MG_172_MONOMER,MG_172_MONOMER_IntFOLD5_HHpred_TS1.pdb,3tb5,0.99596775,0.978,0.8
MG_172_MONOMER,MG_172_MONOMER_IntFOLD5_HHpred_TS1.pdb,3mx6,0.9919355,0.982,0.57
MG_172_MONOMER,MG_172_MONOMER_IntFOLD5_HHpred_TS1.pdb,3tav,0.99596775,0.97,1.01
MG_172_MONOMER,MG_172_MONOMER_IntFOLD5_HHpred_TS1.pdb,4fo7,0.99596775,0.971,0.94
MG_172_MONOMER,MG_172_MONOMER_IntFOLD5_HHpred_TS1.pdb,1qxy,0.98790324,0.95,1.32
MG_172_MONOMER,MG_172_MONOMER_IntFOLD5_HHpred_TS1.pdb,2gg2,0.99596775,0.977,1.13
MG_183_MONOMER,MG_183_MONOMER_IntFOLD5_SPARKSX_multi1_TS1.pdb,3ce2,0.95881385,0.937,1.43
MG_183_MONOMER,MG_183_MONOMER_IntFOLD5_SPARKSX_multi1_TS1.pdb,2qr4,0.77924216,0.704,3.41
MG_185_MONOMER,MG_185_MONOMER_IntFOLD5_wdPPAS_multi4_TS1.pdb,4aq4,0.56348073,0.544,1.85
MG_185_MONOMER,MG_185_MONOMER_IntFOLD5_wdPPAS_multi4_TS1.pdb,3k01,0.5349501,0.472,3.59
MG_190_MONOMER,MG_190_MONOMER_IntFOLD5_MUSTER_multi4_TS1.pdb,5ipp,0.9748428,0.959,0.89
MG_190_MONOMER,MG_190_MONOMER_IntFOLD5_MUSTER_multi4_TS1.pdb,5o1u,0.9559748,0.773,3.82
MG_191_MONOMER,MG_191_MONOMER_IntFOLD5_SPARKSX_multi6_TS1.pdb,4igl,0.7970914,0.684,5.33
MG_192_MONOMER,MG_192_MONOMER_IntFOLD5_wMUSTER_multi6_TS1.pdb,5mz9,0.8423552,0.839,0.63
MG_199_MONOMER,MG_199_MONOMER_IntFOLD5_wdPPAS_multi3_TS1.pdb,2d0c,0.9617021,0.949,0.81
MG_200_MONOMER,MG_200_MONOMER_IntFOLD5_dPPAS2_multi7_TS1,4j80,0.23960066,0.202,4.06
MG_200_MONOMER,MG_200_MONOMER_IntFOLD5_dPPAS2_multi7_TS1,3lz8,0.24126455,0.205,3.9
MG_200_MONOMER,MG_200_MONOMER_IntFOLD5_dPPAS2_multi7_TS1,3lz8,0.24126455,0.205,3.9
MG_200_MONOMER,MG_200_MONOMER_IntFOLD5_dPPAS2_multi7_TS1,4j80,0.23960066,0.202,4.06
MG_202_MONOMER,MG_202_MONOMER_IntFOLD5_IT5_TS2.pdb,free-modeling,-,-,-
MG_207_MONOMER,MG_207_MONOMER_IntFOLD5_IT5_TS1.pdb,free-modeling,-,-,-
MG_210_MONOMER,MG_210_MONOMER_IntFOLD5_IT5_TS1.pdb,free-modeling,-,-,-
MG_211_MONOMER,MG_211_MONOMER_IntFOLD5_IT5_TS2.pdb,free-modeling,-,-,-
MG_212_MONOMER,MG_212_MONOMER_IntFOLD5_IT5_TS1.pdb,free-modeling,-,-,-
MG_217_MONOMER,MG_217_MONOMER_IntFOLD5_sp3_multi6_TS1.pdb,4k90,0.9139785,0.872,1.66
MG_218_MONOMER,MG_218_MONOMER_IntFOLD5_wPPAS_multi4_TS1.pdb,free-modeling,-,-,-
MG_219_MONOMER,MG_219_MONOMER_IntFOLD5_IT5_TS2.pdb,free-modeling,-,-,-
MG_220_MONOMER,MG_220_MONOMER_IntFOLD5_IT5_TS3.pdb,free-modeling,-,-,-
MG_222_MONOMER,MG_222_MONOMER_IntFOLD5_dPPAS2_multi5_TS1.pdb,1wg8,0.90614885,0.886,1.08
MG_222_MONOMER,MG_222_MONOMER_IntFOLD5_dPPAS2_multi5_TS1.pdb,1m6y,0.9255663,0.905,1
MG_223_MONOMER,MG_223_MONOMER_IntFOLD5_IT5_TS1.pdb,free-modeling,-,-,-
MG_233_MONOMER,MG_233_MONOMER_IntFOLD5_HHpred_TS3.pdb,2idl,0.97979796,0.92,1.18
MG_233_MONOMER,MG_233_MONOMER_IntFOLD5_HHpred_TS3.pdb,1s12,0.9292929,0.86,1.29
MG_233_MONOMER,MG_233_MONOMER_IntFOLD5_HHpred_TS3.pdb,2g0i,0.93939394,0.892,0.96
MG_233_MONOMER,MG_233_MONOMER_IntFOLD5_HHpred_TS3.pdb,4peo,0.82828283,0.778,1.4
MG_235_MONOMER,MG_235_MONOMER_IntFOLD5_wPPAS_multi3_TS1.pdb,2x7v,0.9587629,0.907,1.8
MG_235_MONOMER,MG_235_MONOMER_IntFOLD5_wPPAS_multi3_TS1.pdb,1xp3,0.97938144,0.969,0.69
MG_235_MONOMER,MG_235_MONOMER_IntFOLD5_wPPAS_multi3_TS1.pdb,1xp3,0.97938144,0.969,0.69
MG_235_MONOMER,MG_235_MONOMER_IntFOLD5_wPPAS_multi3_TS1.pdb,1xp3,0.97938144,0.969,0.69
MG_236_MONOMER,MG_236_MONOMER_IntFOLD5_spk2_multi8_TS1.pdb,1mzb,0.9,0.824,1.94
MG_237_MONOMER,MG_237_MONOMER_IntFOLD5_IntFOLDTS140_multi3_TS1.pdb,1td6,0.9727891,0.971,0.22
MG_237_MONOMER,MG_237_MONOMER_IntFOLD5_IntFOLDTS140_multi3_TS1.pdb,1td6,0.9727891,0.971,0.22
MG_237_MONOMER,MG_237_MONOMER_IntFOLD5_IntFOLDTS140_multi3_TS1.pdb,1td6,0.9727891,0.971,0.22
MG_238_MONOMER,MG_238_MONOMER_IntFOLD5_IntFOLDTS60_multi2_TS1.pdb,1w26,0.9121622,0.823,2.73
MG_241_MONOMER,MG_241_MONOMER_IntFOLD5_SPARKSX_multi5_TS1.pdb,3m1i,0.92903227,0.817,3.63
MG_241_MONOMER,MG_241_MONOMER_IntFOLD5_SPARKSX_multi5_TS1.pdb,2xwu,0.91774195,0.744,4.72
MG_242_MONOMER,MG_242_MONOMER_IntFOLD5_IntFOLDTS140_multi1_TS1.pdb,1b3u,0.8666667,0.797,2.72
MG_243_MONOMER,MG_243_MONOMER_IntFOLD5_IT5_TS1.pdb,free-modeling,-,-,-
MG_246_MONOMER,MG_246_MONOMER_IntFOLD5_sp3_multi5_TS1.pdb,1t71,0.9964413,0.995,0.18
MG_246_MONOMER,MG_246_MONOMER_IntFOLD5_sp3_multi5_TS1.pdb,1t70,0.9003559,0.861,1.46
MG_247_MONOMER,MG_247_MONOMER_IntFOLD5_IT5_TS3.pdb,free-modeling,-,-,-
MG_248_MONOMER,MG_248_MONOMER_IntFOLD5_IntFOLDTS140_multi3_TS1.pdb,3kr9,0.9770642,0.957,0.85
MG_248_MONOMER,MG_248_MONOMER_IntFOLD5_IntFOLDTS140_multi3_TS1.pdb,3lec,0.9495413,0.934,0.7
MG_248_MONOMER,MG_248_MONOMER_IntFOLD5_IntFOLDTS140_multi3_TS1.pdb,3gnl,0.9770642,0.939,1.2
MG_254_MONOMER,MG_254_MONOMER_IntFOLD5_COMA_multi8_TS1,2owo,0.87253416,0.84,1.82
MG_254_MONOMER,MG_254_MONOMER_IntFOLD5_COMA_multi8_TS1,2cok,0.1198786,0.114,2.11
MG_255_MONOMER,MG_255_MONOMER_IntFOLD5_IT5_TS3.pdb,free-modeling,-,-,-
MG_256_MONOMER,MG_256_MONOMER_IntFOLD5_IT5_TS2.pdb,free-modeling,-,-,-
MG_260_MONOMER,MG_260_MONOMER_IntFOLD5_PPAS_multi7_TS1,4aq4,0.5189543,0.482,2.96
MG_262_MONOMER,MG_262_MONOMER_IntFOLD5_wMUSTER_multi7_TS1.pdb,6c33,0.9828179,0.971,0.73
MG_264_MONOMER,MG_264_MONOMER_IntFOLD5_wMUSTER_multi3_TS1,4ttp,0.93939394,0.801,2.51
MG_264_MONOMER,MG_264_MONOMER_IntFOLD5_wMUSTER_multi3_TS1,1vht,0.969697 (,0.849,2.38
MG_264_MONOMER,MG_264_MONOMER_IntFOLD5_wMUSTER_multi3_TS1,4i1u,0.95454544,0.918,1.09
MG_264_MONOMER,MG_264_MONOMER_IntFOLD5_wMUSTER_multi3_TS1,2f6r,0.9444444,0.879,1.53
MG_267_MONOMER,MG_267_MONOMER_IntFOLD5_IT5_TS3.pdb,free-modeling,-,-,-
MG_268_MONOMER,MG_268_MONOMER_IntFOLD5_SPARKSX_multi4_TS1.pdb,2jat,0.8201754,0.777,1.48
MG_268_MONOMER,MG_268_MONOMER_IntFOLD5_SPARKSX_multi4_TS1.pdb,2ocp,0.8815789,0.804,1.96
MG_268_MONOMER,MG_268_MONOMER_IntFOLD5_SPARKSX_multi4_TS1.pdb,2no7,0.8903509,0.814,1.9
MG_268_MONOMER,MG_268_MONOMER_IntFOLD5_SPARKSX_multi4_TS1.pdb,2vp0,0.8245614,0.754,2.03
MG_268_MONOMER,MG_268_MONOMER_IntFOLD5_SPARKSX_multi4_TS1.pdb,3kb2,0.7105263,0.576,3.37
MG_268_MONOMER,MG_268_MONOMER_IntFOLD5_SPARKSX_multi4_TS1.pdb,3tmk,0.8684211,0.728,2.97
MG_269_MONOMER,MG_269_MONOMER_IntFOLD5_wdPPAS_multi2_TS1.pdb,5xg2,0.63235295,0.519,3.69
MG_270_MONOMER,MG_270_MONOMER_IntFOLD5_MUSTER_multi7_TS1.pdb,5ij6,0.9285714,0.89,1.58
MG_270_MONOMER,MG_270_MONOMER_IntFOLD5_MUSTER_multi7_TS1.pdb,5iby,0.91964287,0.891,1.29
MG_270_MONOMER,MG_270_MONOMER_IntFOLD5_MUSTER_multi7_TS1.pdb,1vqz,0.96428573,0.851,2.73
MG_270_MONOMER,MG_270_MONOMER_IntFOLD5_MUSTER_multi7_TS1.pdb,3a7r,0.72619045,0.659,2.82
MG_270_MONOMER,MG_270_MONOMER_IntFOLD5_MUSTER_multi7_TS1.pdb,2e5a,0.73511904,0.663,3.04
MG_279_MONOMER,MG_279_MONOMER_IntFOLD5_IT5_TS1.pdb,free-modeling,-,-,-
MG_280_MONOMER,MG_280_MONOMER_IntFOLD5_wPPAS_multi8_TS1.pdb,5c1f,0.7509434,0.498,5.1
MG_281_MONOMER,MG_281_MONOMER_IntFOLD5_IntFOLDTS140_multi3_TS1,4nzr,0.7032374,0.702,0.25
MG_282_MONOMER,MG_282_MONOMER_IntFOLD5_wdPPAS_multi1_TS1.pdb,2p4v,0.9627329,0.8,2.6
MG_282_MONOMER,MG_282_MONOMER_IntFOLD5_wdPPAS_multi1_TS1.pdb,1grj,0.9378882,0.897,1.33
MG_284_MONOMER,MG_284_MONOMER_IntFOLD5_IT5_TS2.pdb,free-modeling,-,-,-
MG_285_MONOMER,MG_285_MONOMER_IntFOLD5_IT5_TS1.pdb,free-modeling,-,-,-
MG_286_MONOMER,MG_286_MONOMER_IntFOLD5_dPPAS_multi6_TS1.pdb,5mlq,0.93877554,0.846,1.88
MG_288_MONOMER,MG_288_MONOMER_IntFOLD5_wMUSTER_multi2_TS1,4ux3,0.8768116,0.695,4.38
MG_294_MONOMER,MG_294_MONOMER_IntFOLD5_IntFOLDTS140_multi1_TS1,4j05,0.8185654,0.719,3.28
MG_294_MONOMER,MG_294_MONOMER_IntFOLD5_IntFOLDTS140_multi1_TS1,4zow,0.8248945,0.801,1.44
MG_296_MONOMER,MG_296_MONOMER_IntFOLD5_wPPAS_multi8_TS1.pdb,2i15,0.93798447,0.873,1.36
MG_297_MONOMER,MG_297_MONOMER_IntFOLD5_Env-PPAS_multi8_TS1.pdb,2qy9,0.867052 (,0.833,1.51
MG_297_MONOMER,MG_297_MONOMER_IntFOLD5_Env-PPAS_multi8_TS1.pdb,2og2,0.867052 (,0.828,1.62
MG_297_MONOMER,MG_297_MONOMER_IntFOLD5_Env-PPAS_multi8_TS1.pdb,1vma,0.849711 (,0.822,1.56
MG_297_MONOMER,MG_297_MONOMER_IntFOLD5_Env-PPAS_multi8_TS1.pdb,4ak9,0.8699422,0.84,1.43
MG_297_MONOMER,MG_297_MONOMER_IntFOLD5_Env-PPAS_multi8_TS1.pdb,6cy1,0.8930636,0.857,1.48
MG_297_MONOMER,MG_297_MONOMER_IntFOLD5_Env-PPAS_multi8_TS1.pdb,1zu5,0.88150287,0.832,1.95
MG_306_MONOMER,MG_306_MONOMER_IntFOLD5_IT5_TS1.pdb,free-modeling,-,-,-
MG_309_MONOMER,MG_309_MONOMER_IntFOLD5_Env-PPAS_multi6_TS1,1qgk,0.6587755,0.562,5.35
MG_310_MONOMER,MG_310_MONOMER_IntFOLD5_MUSTER_multi3_TS1.pdb,4ns4,0.9328358,0.877,1.71
MG_310_MONOMER,MG_310_MONOMER_IntFOLD5_MUSTER_multi3_TS1.pdb,4i3f,0.98507464,0.941,1.53
MG_312_MONOMER,MG_312_MONOMER_IntFOLD5_wdPPAS_multi8_TS1.pdb,3gaw,0.8928885,0.665,7.36
MG_313_MONOMER,MG_313_MONOMER_IntFOLD5_IT5_TS1.pdb,free-modeling,-,-,-
MG_314_MONOMER,MG_314_MONOMER_IntFOLD5_IT5_TS2.pdb,free-modeling,-,-,-
MG_317_MONOMER,MG_317_MONOMER_IntFOLD5_spk2_multi3_TS1.pdb,6igb,0.5676127,0.485,3.75
MG_318_MONOMER,MG_318_MONOMER_IntFOLD5_HHpred_TS3,3eff,0.35714287,0.258,4.5
MG_318_MONOMER,MG_318_MONOMER_IntFOLD5_HHpred_TS3,5aww,0.23214285,0.194,3.35
MG_318_MONOMER,MG_318_MONOMER_IntFOLD5_HHpred_TS3,2l8s,0.12142857,0.103,3.04
MG_318_MONOMER,MG_318_MONOMER_IntFOLD5_HHpred_TS3,1a93,0.10357143,0.095,2.25
MG_319_MONOMER,MG_319_MONOMER_IntFOLD5_IT5_TS2.pdb,free-modeling,-,-,-
MG_320_MONOMER,MG_320_MONOMER_IntFOLD5_IT5_TS1.pdb,free-modeling,-,-,-
MG_324_MONOMER,MG_324_MONOMER_IntFOLD5_dPPAS2_multi7_TS1.pdb,5cnx,0.9858757,0.958,1.29
MG_324_MONOMER,MG_324_MONOMER_IntFOLD5_dPPAS2_multi7_TS1.pdb,3q6d,0.9858757,0.977,0.65
MG_326_MONOMER,MG_326_MONOMER_IntFOLD5_IntFOLDTS60_multi3_TS1.pdb,1pzx,0.92542374,0.915,0.69
MG_326_MONOMER,MG_326_MONOMER_IntFOLD5_IntFOLDTS60_multi3_TS1.pdb,2dt8,0.9322034,0.888,1.49
MG_327_MONOMER,MG_327_MONOMER_IntFOLD5_wMUSTER_multi4_TS1.pdb,4ns4,0.92164177,0.873,1.55
MG_327_MONOMER,MG_327_MONOMER_IntFOLD5_wMUSTER_multi4_TS1.pdb,4opm,0.98134327,0.939,1.48
MG_327_MONOMER,MG_327_MONOMER_IntFOLD5_wMUSTER_multi4_TS1.pdb,4q3l,0.9402985,0.866,1.92
MG_328_MONOMER,MG_328_MONOMER_IntFOLD5_IntFOLDTS140_multi1_TS1.pdb,6bfi,0.9259259,0.787,4.57
MG_329_MONOMER,MG_329_MONOMER_IntFOLD5_SPARKSX_multi7_TS1.pdb,5dn8,0.8995536,0.88,1.19
MG_329_MONOMER,MG_329_MONOMER_IntFOLD5_SPARKSX_multi7_TS1.pdb,2dyk,0.33035713,0.32,1.59
MG_331_MONOMER,MG_331_MONOMER_IntFOLD5_IT5_TS1.pdb,free-modeling,-,-,-
MG_335_MONOMER,MG_335_MONOMER_IntFOLD5_PPAS_multi1_TS1.pdb,3pqc,0.9790576,0.947,1.02
MG_335_MONOMER,MG_335_MONOMER_IntFOLD5_PPAS_multi1_TS1.pdb,1sul,0.9685864,0.902,1.64
MG_337_MONOMER,MG_337_MONOMER_IntFOLD5_IntFOLDTS60_multi2_TS1.pdb,2qq4,0.9782609,0.973,0.3
MG_339_MONOMER,MG_339_MONOMER_IntFOLD5_IntFOLDTS60_multi3_TS1.pdb,2reb,0.8895899,0.882,0.58
MG_339_MONOMER,MG_339_MONOMER_IntFOLD5_IntFOLDTS60_multi3_TS1.pdb,3cmw,0.9747634,0.942,1.8
MG_343_MONOMER,MG_343_MONOMER_IntFOLD5_MUSTER_multi4_TS1.pdb,4gpa,0.9393064,0.871,2.08
MG_344_MONOMER,MG_344_MONOMER_IntFOLD5_wdPPAS_multi3_TS1.pdb,4i3f,0.95604396,0.866,2.34
MG_344_MONOMER,MG_344_MONOMER_IntFOLD5_wdPPAS_multi3_TS1.pdb,4x00,0.95238096,0.899,1.67
MG_344_MONOMER,MG_344_MONOMER_IntFOLD5_wdPPAS_multi3_TS1.pdb,3hi4,0.92673993,0.902,1.07
MG_344_MONOMER,MG_344_MONOMER_IntFOLD5_wdPPAS_multi3_TS1.pdb,1a88,0.93406594,0.908,1.12
MG_348_MONOMER,MG_348_MONOMER_IntFOLD5_Env-PPAS_multi3_TS1.pdb,5b04,0.6863354,0.502,5.06
MG_348_MONOMER,MG_348_MONOMER_IntFOLD5_Env-PPAS_multi3_TS1.pdb,5kym,0.45031056,0.299,5.53
MG_350_MONOMER,MG_350_MONOMER_IntFOLD5_IT5_TS1.pdb,free-modeling,-,-,-
MG_354_MONOMER,MG_354_MONOMER_IntFOLD5_wMUSTER_multi7_TS1.pdb,1tm9,1.0 (Targe,0.991,0.42
MG_360_MONOMER,MG_360_MONOMER_IntFOLD5_IT5_TS3.pdb,free-modeling,-,-,-
MG_364_MONOMER,MG_364_MONOMER_IntFOLD5_IT5_TS1.pdb,free-modeling,-,-,-
MG_366_MONOMER,MG_366_MONOMER_IntFOLD5_IntFOLDTS140_multi2_TS1.pdb,1qht,0.30284858,0.273,3.76
MG_366_MONOMER,MG_366_MONOMER_IntFOLD5_IntFOLDTS140_multi2_TS1.pdb,5h7c,0.5847076,0.517,3.38
MG_373_MONOMER,MG_373_MONOMER_IntFOLD5_MUSTER_multi8_TS1.pdb,5yet,0.8790036,0.808,2.17
MG_380_MONOMER,MG_380_MONOMER_IntFOLD5_wMUSTER_multi4_TS1.pdb,1xdz,0.9895833,0.975,0.65
MG_381_MONOMER,MG_381_MONOMER_IntFOLD5_IT5_TS1.pdb,free-modeling,-,-,-
MG_384_MONOMER,MG_384_MONOMER_IntFOLD5_wPPAS_multi8_TS1.pdb,1udx,0.90762126,0.745,4.08
MG_386_MONOMER,MG_386_MONOMER_IntFOLD5_Env-PPAS_multi7_TS1.pdb,1xsc,0.07858911,0.076,2.36
MG_387_MONOMER,MG_387_MONOMER_IntFOLD5_wMUSTER_multi3_TS1.pdb,1wf3,0.98275864,0.952,1.16
MG_387_MONOMER,MG_387_MONOMER_IntFOLD5_wMUSTER_multi3_TS1.pdb,3iev,0.9896552,0.954,1.27
MG_387_MONOMER,MG_387_MONOMER_IntFOLD5_wMUSTER_multi3_TS1.pdb,3iev,0.9896552,0.954,1.27
MG_388_MONOMER,MG_388_MONOMER_IntFOLD5_IT5_TS1.pdb,free-modeling,-,-,-
MG_389_MONOMER,MG_389_MONOMER_IntFOLD5_IT5_TS3.pdb,free-modeling,-,-,-
MG_395_MONOMER,MG_395_MONOMER_IntFOLD5_IntFOLDTS140_multi1_TS1.pdb,1qtf,0.45610687,0.431,2.06
MG_395_MONOMER,MG_395_MONOMER_IntFOLD5_IntFOLDTS140_multi1_TS1.pdb,5c2z,0.45610687,0.431,2.09
MG_397_MONOMER,MG_397_MONOMER_IntFOLD5_IT5_TS1.pdb,free-modeling,-,-,-
MG_406_MONOMER,MG_406_MONOMER_IntFOLD5_IT5_TS1,free-modeling,-,-,-
MG_408_MONOMER,MG_408_MONOMER_IntFOLD5_COMA_multi3_TS1.pdb,3e0m,0.9872612,0.966,0.72
MG_408_MONOMER,MG_408_MONOMER_IntFOLD5_COMA_multi3_TS1.pdb,1fvg,0.9490446,0.92,0.89
MG_408_MONOMER,MG_408_MONOMER_IntFOLD5_COMA_multi3_TS1.pdb,3bqf,1.0 (Targe,0.989,0.56
MG_414_MONOMER,MG_414_MONOMER_IntFOLD5_MUSTER_multi7_TS1,6d4h,0.8677606,0.832,2.35
MG_422_MONOMER,MG_422_MONOMER_IntFOLD5_IntFOLDTS140_multi1_TS1.pdb,4xri,0.94251496,0.907,2.02
MG_423_MONOMER,MG_423_MONOMER_IntFOLD5_Env-PPAS_multi3_TS1.pdb,3zq4,0.96791446,0.906,2.49
MG_423_MONOMER,MG_423_MONOMER_IntFOLD5_Env-PPAS_multi3_TS1.pdb,4xwt,0.95721924,0.89,2.64
MG_432_MONOMER,MG_432_MONOMER_IntFOLD5_IT5_TS3,free-modeling,-,-,-
MG_438_MONOMER,MG_438_MONOMER_IntFOLD5_SPARKSX_multi7_TS1.pdb,1ydx,0.9608355,0.894,1.98
MG_439_MONOMER,MG_439_MONOMER_IntFOLD5_IT5_TS3.pdb,free-modeling,-,-,-
MG_440_MONOMER,MG_440_MONOMER_IntFOLD5_IT5_TS1,free-modeling,-,-,-
MG_441_MONOMER,MG_441_MONOMER_IntFOLD5_IT5_TS3.pdb,free-modeling,-,-,-
MG_442_MONOMER,MG_442_MONOMER_IntFOLD5_wMUSTER_multi8_TS1.pdb,1puj,0.9037037,0.885,0.92
MG_442_MONOMER,MG_442_MONOMER_IntFOLD5_wMUSTER_multi8_TS1.pdb,6g0z,0.9592593,0.884,1.92
MG_443_MONOMER,MG_443_MONOMER_IntFOLD5_IntFOLDTS140_multi2_TS1.pdb,2j9c,0.1721519,0.164,1.98
MG_443_MONOMER,MG_443_MONOMER_IntFOLD5_IntFOLDTS140_multi2_TS1.pdb,4w6v,0.6050633,0.567,2.2
MG_447_MONOMER,MG_447_MONOMER_IntFOLD5_Env-PPAS_multi7_TS1.pdb,3vvn,0.80987203,0.784,1.68
MG_447_MONOMER,MG_447_MONOMER_IntFOLD5_Env-PPAS_multi7_TS1.pdb,4lz6,0.81170017,0.743,2.84
MG_447_MONOMER,MG_447_MONOMER_IntFOLD5_Env-PPAS_multi7_TS1.pdb,3vvn,0.80987203,0.784,1.68
MG_447_MONOMER,MG_447_MONOMER_IntFOLD5_Env-PPAS_multi7_TS1.pdb,3vvn,0.80987203,0.784,1.68
MG_448_MONOMER,MG_448_MONOMER_IntFOLD5_IntFOLDTS60_multi4_TS1.pdb,5fa9,1.0 (Targe,0.997,0.21
MG_450_MONOMER,MG_450_MONOMER_IntFOLD5_wMUSTER_multi3_TS1,3fys,0.94827586,0.9,1.68
MG_450_MONOMER,MG_450_MONOMER_IntFOLD5_wMUSTER_multi3_TS1,2dt8,0.94827586,0.912,1.32
MG_450_MONOMER,MG_450_MONOMER_IntFOLD5_wMUSTER_multi3_TS1,5uto,0.962069 (,0.93,1.29
MG_452_MONOMER,MG_452_MONOMER_IntFOLD5_SPARKSX_multi7_TS1.pdb,6csm,0.9118774,0.861,1.77
MG_452_MONOMER,MG_452_MONOMER_IntFOLD5_SPARKSX_multi7_TS1.pdb,5i5f,0.55938697,0.348,5.94
MG_456_MONOMER,MG_456_MONOMER_IntFOLD5_IT5_TS3.pdb,free-modeling,-,-,-
MG_459_MONOMER,MG_459_MONOMER_IntFOLD5_wdPPAS_multi3_TS1.pdb,5b8f,0.8994083,0.872,0.92
MG_459_MONOMER,MG_459_MONOMER_IntFOLD5_wdPPAS_multi3_TS1.pdb,5iwx,0.89349115,0.872,0.78
MG_459_MONOMER,MG_459_MONOMER_IntFOLD5_wdPPAS_multi3_TS1.pdb,3iew,0.8994083,0.877,0.79
MG_461_MONOMER,MG_461_MONOMER_IntFOLD5_Env-PPAS_multi3_TS1.pdb,3irh,0.93647057,0.908,1.45
MG_461_MONOMER,MG_461_MONOMER_IntFOLD5_Env-PPAS_multi3_TS1.pdb,6brg,0.85411763,0.758,3.11
MG_463_MONOMER,MG_463_MONOMER_IntFOLD5_dPPAS2_multi3_TS1.pdb,3tqs,0.9150579,0.889,1.07
MG_463_MONOMER,MG_463_MONOMER_IntFOLD5_dPPAS2_multi3_TS1.pdb,3fux,0.969112 (,0.908,1.69
MG_463_MONOMER,MG_463_MONOMER_IntFOLD5_dPPAS2_multi3_TS1.pdb,1qyr,0.93822396,0.901,1.28
MG_470_MONOMER,MG_470_MONOMER_IntFOLD5_HHpred_TS1.pdb,5if9,0.8921933,0.86,1.47
MG_470_MONOMER,MG_470_MONOMER_IntFOLD5_HHpred_TS1.pdb,1wcv,0.88847584,0.87,0.94
MG_474_MONOMER,MG_474_MONOMER_IntFOLD5_IntFOLDTS60_multi1_TS1.pdb,4ev6,0.81889766,0.577,3.75
MG_474_MONOMER,MG_474_MONOMER_IntFOLD5_IntFOLDTS60_multi1_TS1.pdb,6e9x,0.63779527,0.48,2.95
MG_477_MONOMER,MG_477_MONOMER_IntFOLD5_HHpred_TS2.pdb,1g2r,1.0 (Targe,0.985,0.86
MG_478_MONOMER,MG_478_MONOMER_IntFOLD5_IT5_TS2.pdb,free-modeling,-,-,-
MG_480_MONOMER,MG_480_MONOMER_IntFOLD5_MUSTER_multi2_TS1.pdb,5b43,0.91780823,0.826,2.17
MG_491_MONOMER,MG_491_MONOMER_IntFOLD5_CNFsearch_multi7_TS1,4xng,0.4017341,0.4,0.36
MG_494_MONOMER,MG_494_MONOMER_IntFOLD5_SPARKSX_multi6_TS1.pdb,4hhu,0.9 (Targe,0.789,2.17
MG_498_MONOMER,MG_498_MONOMER_IntFOLD5_PPAS_multi8_TS1.pdb,3gpy,0.9507042,0.937,0.76
MG_498_MONOMER,MG_498_MONOMER_IntFOLD5_PPAS_multi8_TS1.pdb,1pjj,0.9471831,0.912,1.49
MG_498_MONOMER,MG_498_MONOMER_IntFOLD5_PPAS_multi8_TS1.pdb,1ee8,0.92253524,0.879,1.46
MG_498_MONOMER,MG_498_MONOMER_IntFOLD5_PPAS_multi8_TS1.pdb,4mb7,0.86619717,0.739,3.26
MG_505_MONOMER,MG_505_MONOMER_IntFOLD5_HHsearch_multi5_TS1.pdb,1vhx,0.9492754,0.904,1.1
MG_505_MONOMER,MG_505_MONOMER_IntFOLD5_HHsearch_multi5_TS1.pdb,1nu0,0.8623188,0.729,2.68
MG_515_MONOMER,MG_515_MONOMER_IntFOLD5_CNFsearch_multi8_TS1.pdb,1m56,0.6542751,0.482,4.63
MG_515_MONOMER,MG_515_MONOMER_IntFOLD5_CNFsearch_multi8_TS1.pdb,3se6,0.62081784,0.46,4.83
MG_516_MONOMER,MG_516_MONOMER_IntFOLD5_IT5_TS1.pdb,free-modeling,-,-,-
MG_517_MONOMER,MG_517_MONOMER_IntFOLD5_IntFOLDTS140_multi3_TS1.pdb,5tze,0.9237537,0.89,1.32
MG_517_MONOMER,MG_517_MONOMER_IntFOLD5_IntFOLDTS140_multi3_TS1.pdb,5hea,0.7859238,0.711,2.7
MG_521_MONOMER,MG_521_MONOMER_IntFOLD5_IT5_TS1.pdb,free-modeling,-,-,-
MG_524_MONOMER,MG_524_MONOMER_IntFOLD5_SPARKSX_multi6_TS1.pdb,6e9x,0.89261746,0.867,0.83
MG_525_MONOMER,MG_525_MONOMER_IntFOLD5_wdPPAS_multi7_TS1.pdb,4a2l,0.8870482,0.8,3.15
MG_131_MONOMER,MG_131_MONOMER_IntFOLD5_IntFOLDTS60_multi1_TS1.bfact.pdb,free-modeling,-,-,-
MG_295_MONOMER,MG_295_MONOMER_IntFOLD5_SPARKSX_multi1_TS1.bfact.pdb,2det,0.95095366,0.92679,1.22
MG_295_MONOMER,MG_295_MONOMER_IntFOLD5_SPARKSX_multi1_TS1.bfact.pdb,2hma,0.9182561,0.9182561,0.97
MG_449_MONOMER,MG_449_MONOMER_IntFOLD5_Env-PPAS_multi5_TS1.bfact.pdb,3bu2, 0.76754385,0.58919,3.65
MG_449_MONOMER,MG_449_MONOMER_IntFOLD5_Env-PPAS_multi5_TS1.bfact.pdb,4p71,0.55263156,0.50394,2.8
MG_469_MONOMER,MG_469_MONOMER_IntFOLD5_IntFOLDTS140_multi3_TS1.bfact.pdb,free-modeling,-,-,-
MG_224_MONOMER,MG_224_MONOMER_IntFOLD5_IntFOLDTS60_multi4_TS1.bfact.pdb,2vaw,0.8157182 ,0.78506,1.61
MG_224_MONOMER,MG_224_MONOMER_IntFOLD5_IntFOLDTS60_multi4_TS1.bfact.pdb,2r75,0.8401084,0.80359,1.72
MG_287_MONOMER,MG_287_MONOMER_IntFOLD5_HHpred_TS1.bfact.pdb,1klp, 0.9404762,0.75586,1.83
MG_287_MONOMER,MG_287_MONOMER_IntFOLD5_HHpred_TS1.bfact.pdb,1vku,0.95238096,0.8358,1.48
MG_287_MONOMER,MG_287_MONOMER_IntFOLD5_HHpred_TS1.bfact.pdb,5kp7,0.9166667,0.78764,1.63
MG_287_MONOMER,MG_287_MONOMER_IntFOLD5_HHpred_TS1.bfact.pdb,1f80,0.85714287,0.79991,0.93
MG_287_MONOMER,MG_287_MONOMER_IntFOLD5_HHpred_TS1.bfact.pdb,2liu,0.97619045,0.85895,1.4
MG_287_MONOMER,MG_287_MONOMER_IntFOLD5_HHpred_TS1.bfact.pdb,4dxe, 0.86904764,0.82569,0.77
MG_287_MONOMER,MG_287_MONOMER_IntFOLD5_HHpred_TS1.bfact.pdb,1x3o,0.9404762,0.8679,1
MG_287_MONOMER,MG_287_MONOMER_IntFOLD5_HHpred_TS1.bfact.pdb,5h9h,0.85714287,0.78855,0.99
MG_127_MONOMER,MG_127_MONOMER_IntFOLD5_SPARKSX_multi1_TS1.bfact.pdb,1z3e,0.8206897,0.80456 ,0.68
MG_127_MONOMER,MG_127_MONOMER_IntFOLD5_SPARKSX_multi1_TS1.bfact.pdb,3l78,0.76551723, 0.68842,1.75
MG_124_MONOMER,MG_124_MONOMER_IntFOLD5_wMUSTER_multi8_TS1.bfact.pdb,2yj7,1,0.99072,0.41
MG_124_MONOMER,MG_124_MONOMER_IntFOLD5_wMUSTER_multi8_TS1.bfact.pdb,2i4a,1,0.97314,0.62
MG_370_MONOMER,MG_370_MONOMER_IntFOLD5_IntFOLDTS140_multi4_TS1.pdb,2ist,0.85758513,0.78057,2.92
MG_370_MONOMER,MG_370_MONOMER_IntFOLD5_IntFOLDTS140_multi4_TS1.pdb,4wrt,0.35913312,0.22171,5.99
MG_338_MONOMER,MG_338_MONOMER_IntFOLD5_SPARKSX_multi6_TS1.bfact.pdb,5b2o,0.8346457,0.6118,7.9
MG_209_MONOMER,MG_209_MONOMER_IntFOLD5_wdPPAS_multi5_TS1.pdb,2ist,0.90909,0.8074,3.1
MG_307_MONOMER,MG_307_MONOMER_IntFOLD5_wdPPAS_multi8_TS1.bfact.pdb,5b2o, 0.8836024,0.72977,6.14
MG_308_MONOMER,MG_308_MONOMER_IntFOLD5_wMUSTER_multi3_TS1.pdb,5ivl,0.8902439,0.65063,5.06
MG_308_MONOMER,MG_308_MONOMER_IntFOLD5_wMUSTER_multi3_TS1.pdb,5sup,0.8463415 ,0.82314 ,1.45
MG_308_MONOMER,MG_308_MONOMER_IntFOLD5_wMUSTER_multi3_TS1.pdb,2hyi,0.84390247,0.81889,1.52
MG_473_MONOMER,MG_473_MONOMER_IntFOLD5_IntFOLDTS140_multi3_TS1.bfact.pdb,5o60,0.6666667,0.33513,3.02
